{
	"credit": "Made with Blockbench",
	"textures": {
		"particle": "block/bricks_ew_0",
		"ew": "block/bricks_ew_0",
		"ns": "block/bricks_ns_0",
		"ew_end": "block/bricks_ew_end",
		"top_s_st": "block/bricks_top_s_st"
	},
	"elements": [
		{
			"from": [8, -0.02, 5],
			"to": [16, 9.99, 11],
			"rotation": {"angle": 0, "axis": "y", "origin": [8, 0, 8]},
			"faces": {
				"north": {"uv": [0, 6, 8, 16], "texture": "#ns"},
				"east": {"uv": [0, 6, 6, 16], "texture": "#ew", "cullface": "east"},
				"south": {"uv": [8, 6, 16, 16], "texture": "#ns"},
				"down": {"uv": [0, 0, 8, 6], "texture": "#top_s_st", "cullface": "down"}
			}
		},
		{
			"from": [8, 9.99, 4.5],
			"to": [16, 13.99, 11.5],
			"rotation": {"angle": 0, "axis": "y", "origin": [8, 0, 8]},
			"faces": {
				"north": {"uv": [0, 0, 8, 4], "texture": "#ew_end"},
				"east": {"uv": [4, 4, 11, 8], "texture": "#ew"},
				"south": {"uv": [16, 0, 8, 4], "texture": "#ew_end"},
				"up": {"uv": [8, 0, 16, 7], "rotation": 180, "texture": "#top_s_st"},
				"down": {"uv": [0, 0, 8, 7], "texture": "#top_s_st"}
			}
		}
	]
}