{
	"credit": "Made with Blockbench",
	"textures": {
		"particle": "block/bricks_ew_0",
		"ew": "block/bricks_ew_0",
		"ns": "block/bricks_ns_0",
		"ew_end": "block/bricks_ew_end",
		"top_s_st": "block/bricks_top_s_st"
	},
	"elements": [
		{
			"from": [5, -0.02, 8],
			"to": [11, 9.99, 16],
			"rotation": {"angle": 0, "axis": "y", "origin": [8, 0, 8]},
			"faces": {
				"east": {"uv": [0, 6, 8, 16], "texture": "#ew"},
				"south": {"uv": [0, 6, 6, 16], "texture": "#ns", "cullface": "south"},
				"west": {"uv": [8, 6, 16, 16], "texture": "#ew"},
				"down": {"uv": [0, 0, 8, 6], "rotation": 270, "texture": "#top_s_st", "cullface": "down"}
			}
		},
		{
			"from": [4.5, 9.99, 8],
			"to": [11.5, 13.99, 16],
			"rotation": {"angle": 0, "axis": "y", "origin": [8, 0, 8]},
			"faces": {
				"east": {"uv": [8, 0, 0, 4], "texture": "#ew_end"},
				"south": {"uv": [4, 0, 11, 4], "texture": "#ns"},
				"west": {"uv": [8, 0, 16, 4], "texture": "#ew_end"},
				"up": {"uv": [0, 8, 8, 15], "rotation": 90, "texture": "#top_s_st"},
				"down": {"uv": [0, 0, 8, 7], "rotation": 270, "texture": "#top_s_st"}
			}
		}
	]
}