{
	"credit": "Made with Blockbench",
	"parent": "minecraft:block/template_wall_side",
	"textures": {
		"ns": "block/bricks_ns_0",
		"ew": "block/bricks_ew_0",
		"particle": "block/bricks_top_s_st",
		"top": "block/bricks_top_s_st"
	},
	"elements": [
		{
			"name": "Center post",
			"from": [4, 0, 4],
			"to": [12, 16, 12],
			"faces": {
				"north": {"uv": [4, 0, 12, 16], "texture": "#ns"},
				"east": {"uv": [4, 0, 12, 16], "texture": "#ew"},
				"south": {"uv": [4, 0, 12, 16], "texture": "#ns"},
				"west": {"uv": [4, 0, 12, 16], "texture": "#ew"},
				"up": {"uv": [6, 0, 14, 8], "rotation": 90, "texture": "#top", "cullface": "up"},
				"down": {"uv": [6, 0, 14, 8],  "texture": "#top", "cullface": "down"}
			}
		}
	]
}