{
	"credit": "Made with Blockbench",
	"parent": "minecraft:block/template_wall_side",
	"textures": {
		"ns_end": "block/bricks_ns_end",
		"ew_end": "block/bricks_ew_end",
		"ns": "block/bricks_ns_0",
		"ew": "block/bricks_ew_0",
		"particle": "block/bricks_top_s_st",
		"top": "block/bricks_top_s_st"
	},
	"elements": [
		{
			"name": "Center post",
			"from": [4, 0, 4],
			"to": [12, 10, 12],
			"faces": {
				"north": {"uv": [4, 6, 12, 16], "texture": "#ns"},
				"east": {"uv": [4, 6, 12, 16], "texture": "#ew"},
				"south": {"uv": [4, 6, 12, 16], "texture": "#ns"},
				"west": {"uv": [4, 6, 12, 16], "texture": "#ew"},
				"up": {"uv": [4, 0, 12, 8], "rotation": 90, "texture": "#top", "cullface": "up"},
				"down": {"uv": [4, 0, 12, 8], "rotation": 180, "texture": "#top", "cullface": "down"}
			}
		},
		{
			"from": [3.5, 10, 3.5],
			"to": [12.5, 14, 12.5],
			"faces": {
				"north": {"uv": [2, 0, 10, 4.1], "texture": "#ns_end"},
				"east": {"uv": [4, 4, 12, 8.1], "texture": "#ew_end"},
				"south": {"uv": [4, 0, 12, 4.1], "texture": "#ns_end"},
				"west": {"uv": [4, 4, 12, 8.1], "texture": "#ew_end"},
				"up": {"uv": [1, 0, 9, 8], "texture": "#top"},
				"down": {"uv": [0, 0, 9, 9], "texture": "#top"}
			}
		}
	]
}