{
    "variants":{
        "type=bottom":[
            {"model":"minecraft:block/birch/birch_slab_0"},
            {"model":"minecraft:block/birch/birch_slab_1"}
        ],
        "type=top":[
            {"model":"minecraft:block/birch/birch_slab_top_0"},
            {"model":"minecraft:block/birch/birch_slab_top_1"}
        ],
        "type=double":[
            {"model":"minecraft:block/birch/birch_slab_double_0"},
            {"model":"minecraft:block/birch/birch_slab_double_1"}
        ]
    }
}