{
    "multipart":[
        {
            "apply":{"model":"minecraft:block/bricks/brick_stairs_bottom"},
            "when":{"half":"bottom"}
        },
        {
            "apply":{"model":"minecraft:block/bricks/brick_stairs_bst_n","y":0},
            "when":{"half":"bottom","facing":"north","shape":"straight"}
        },
        {
            "apply":{"model":"minecraft:block/bricks/brick_stairs_bst_n","y":180},
            "when":{"half":"bottom","facing":"south","shape":"straight"}
        },
        {
            "apply":{"model":"minecraft:block/bricks/brick_stairs_bst_e","y":0},
            "when":{"half":"bottom","facing":"east","shape":"straight"}
        },
        {
            "apply":{"model":"minecraft:block/bricks/brick_stairs_bst_e","y":180},
            "when":{"half":"bottom","facing":"west","shape":"straight"}
        },

        {
            "apply":{"model":"minecraft:block/bricks/brick_stairs_bil_nw","y":0},
            "when":{"OR":[
                {"half":"bottom","facing":"north","shape":"inner_left"},
                {"half":"bottom","facing":"west","shape":"inner_right"}
            ]}
        },
        {
            "apply":{"model":"minecraft:block/bricks/brick_stairs_bil_ne","y":180},
            "when":{"OR":[
                {"half":"bottom","facing":"west","shape":"inner_left"},
                {"half":"bottom","facing":"south","shape":"inner_right"}
            ]}
        },
        {
            "apply":{"model":"minecraft:block/bricks/brick_stairs_bil_nw","y":180},
            "when":{"OR":[
                {"half":"bottom","facing":"south","shape":"inner_left"},
                {"half":"bottom","facing":"east","shape":"inner_right"}
            ]}
        },
        {
            "apply":{"model":"minecraft:block/bricks/brick_stairs_bil_ne","y":0},
            "when":{"OR":[
                {"half":"bottom","facing":"east","shape":"inner_left"},
                {"half":"bottom","facing":"north","shape":"inner_right"}
            ]}
        },

        {
            "apply":{"model":"minecraft:block/bricks/brick_stairs_bol_nw","y":0},
            "when":{"OR":[
                {"half":"bottom","facing":"north","shape":"outer_left"},
                {"half":"bottom","facing":"west","shape":"outer_right"}
            ]}
        },
        {
            "apply":{"model":"minecraft:block/bricks/brick_stairs_bol_ne","y":180},
            "when":{"OR":[
                {"half":"bottom","facing":"west","shape":"outer_left"},
                {"half":"bottom","facing":"south","shape":"outer_right"}
            ]}
        },
        {
            "apply":{"model":"minecraft:block/bricks/brick_stairs_bol_nw","y":180},
            "when":{"OR":[
                {"half":"bottom","facing":"south","shape":"outer_left"},
                {"half":"bottom","facing":"east","shape":"outer_right"}
            ]}
        },
        {
            "apply":{"model":"minecraft:block/bricks/brick_stairs_bol_ne","y":0},
            "when":{"OR":[
                {"half":"bottom","facing":"east","shape":"outer_left"},
                {"half":"bottom","facing":"north","shape":"outer_right"}
            ]}
        },

        
        {
            "apply":{"model":"minecraft:block/bricks/brick_stairs_top"},
            "when":{"half":"top"}
        },
        {
            "apply":{"model":"minecraft:block/bricks/brick_stairs_tst_n","y":0},
            "when":{"half":"top","facing":"north","shape":"straight"}
        },
        {
            "apply":{"model":"minecraft:block/bricks/brick_stairs_tst_n","y":180},
            "when":{"half":"top","facing":"south","shape":"straight"}
        },
        {
            "apply":{"model":"minecraft:block/bricks/brick_stairs_tst_e","y":0},
            "when":{"half":"top","facing":"east","shape":"straight"}
        },
        {
            "apply":{"model":"minecraft:block/bricks/brick_stairs_tst_e","y":180},
            "when":{"half":"top","facing":"west","shape":"straight"}
        },

        {
            "apply":{"model":"minecraft:block/bricks/brick_stairs_til_nw","y":0},
            "when":{"OR":[
                {"half":"top","facing":"north","shape":"inner_left"},
                {"half":"top","facing":"west","shape":"inner_right"}
            ]}
        },
        {
            "apply":{"model":"minecraft:block/bricks/brick_stairs_til_ne","y":180},
            "when":{"OR":[
                {"half":"top","facing":"west","shape":"inner_left"},
                {"half":"top","facing":"south","shape":"inner_right"}
            ]}
        },
        {
            "apply":{"model":"minecraft:block/bricks/brick_stairs_til_nw","y":180},
            "when":{"OR":[
                {"half":"top","facing":"south","shape":"inner_left"},
                {"half":"top","facing":"east","shape":"inner_right"}
            ]}
        },
        {
            "apply":{"model":"minecraft:block/bricks/brick_stairs_til_ne","y":0},
            "when":{"OR":[
                {"half":"top","facing":"east","shape":"inner_left"},
                {"half":"top","facing":"north","shape":"inner_right"}
            ]}
        },

        {
            "apply":{"model":"minecraft:block/bricks/brick_stairs_tol_nw","y":0},
            "when":{"OR":[
                {"half":"top","facing":"north","shape":"outer_left"},
                {"half":"top","facing":"west","shape":"outer_right"}
            ]}
        },
        {
            "apply":{"model":"minecraft:block/bricks/brick_stairs_tol_ne","y":180},
            "when":{"OR":[
                {"half":"top","facing":"west","shape":"outer_left"},
                {"half":"top","facing":"south","shape":"outer_right"}
            ]}
        },
        {
            "apply":{"model":"minecraft:block/bricks/brick_stairs_tol_nw","y":180},
            "when":{"OR":[
                {"half":"top","facing":"south","shape":"outer_left"},
                {"half":"top","facing":"east","shape":"outer_right"}
            ]}
        },
        {
            "apply":{"model":"minecraft:block/bricks/brick_stairs_tol_ne","y":0},
            "when":{"OR":[
                {"half":"top","facing":"east","shape":"outer_left"},
                {"half":"top","facing":"north","shape":"outer_right"}
            ]}
        }
    ]
}