{
    "variants":{
        "":[
            {"model":"minecraft:block/deepslate/cracked_deepslate_tiles_0"},
            {"model":"minecraft:block/deepslate/cracked_deepslate_tiles_0","y":90},
            {"model":"minecraft:block/deepslate/cracked_deepslate_tiles_0","y":180},
            {"model":"minecraft:block/deepslate/cracked_deepslate_tiles_0","y":270},
            {"model":"minecraft:block/deepslate/cracked_deepslate_tiles_1"},
            {"model":"minecraft:block/deepslate/cracked_deepslate_tiles_1","y":90},
            {"model":"minecraft:block/deepslate/cracked_deepslate_tiles_1","y":180},
            {"model":"minecraft:block/deepslate/cracked_deepslate_tiles_1","y":270}
    ]
    }
}