{
    "variants":{
        "type=bottom":[
            {"model":"minecraft:block/crimson/crimson_slab_0"},
            {"model":"minecraft:block/crimson/crimson_slab_1"}
        ],
        "type=top":[
            {"model":"minecraft:block/crimson/crimson_slab_top_0"},
            {"model":"minecraft:block/crimson/crimson_slab_top_1"}
        ],
        "type=double":[
            {"model":"minecraft:block/crimson/crimson_slab_double_0"},
            {"model":"minecraft:block/crimson/crimson_slab_double_1"}
        ]
    }
}