{
    "variants":{
        "type=bottom":[
            {"model":"minecraft:block/dark_oak/dark_oak_slab_0"},
            {"model":"minecraft:block/dark_oak/dark_oak_slab_1"}
        ],
        "type=top":[
            {"model":"minecraft:block/dark_oak/dark_oak_slab_top_0"},
            {"model":"minecraft:block/dark_oak/dark_oak_slab_top_1"}
        ],
        "type=double":[
            {"model":"minecraft:block/dark_oak/dark_oak_slab_double_0"},
            {"model":"minecraft:block/dark_oak/dark_oak_slab_double_1"}
        ]
    }
}