{
    "multipart": [
        {   "apply": { "model": "block/mangrove/mangrove_fence_post" }},

        {   "when": { "north": "true" },
            "apply": { "model": "block/mangrove/mangrove_fence_side_n"}
        },
        {   "when": { "east": "true" },
            "apply": { "model": "block/mangrove/mangrove_fence_side_n", "y": 90}
        },
        {   "when": { "south": "true" },
            "apply": { "model": "block/mangrove/mangrove_fence_side_s"}
        },
        {   "when": { "west": "true" },
            "apply": { "model": "block/mangrove/mangrove_fence_side_s", "y": 90}
        }
    ]
}