{
    "multipart": [
      {
        "apply":{
          "model": "minecraft:block/mud/mud_brick_wall_post"
        },
        "when":{
          "north":"tall","south":"tall","east":"tall","west":"tall","up":"false"
        }
      },
      {
        "apply":{
          "model": "minecraft:block/mud/mud_brick_wall_post_low"
        },
        "when":{
          "north":"low","south":"low","east":"low","west":"low","up":"false"
        }
      },
      {
        "apply": {
          "model": "minecraft:block/mud/mud_brick_wall_post"
        },
        "when": {
          "up": "true"
        }
      },
      {
        "apply": {
          "model": "minecraft:block/mud/mud_brick_wall_side",
          "uvlock": true
        },
        "when": {
          "north": "low"
        }
      },
      {
        "apply": {
          "model": "minecraft:block/mud/mud_brick_wall_side",
          "uvlock": true,
          "y": 90
        },
        "when": {
          "east": "low"
        }
      },
      {
        "apply": {
          "model": "minecraft:block/mud/mud_brick_wall_side",
          "uvlock": true,
          "y": 180
        },
        "when": {
          "south": "low"
        }
      },
      {
        "apply": {
          "model": "minecraft:block/mud/mud_brick_wall_side",
          "uvlock": true,
          "y": 270
        },
        "when": {
          "west": "low"
        }
      },
      {
        "apply": {
          "model": "minecraft:block/mud/mud_brick_wall_side_tall",
          "uvlock": true
        },
        "when": {
          "north": "tall"
        }
      },
      {
        "apply": {
          "model": "minecraft:block/mud/mud_brick_wall_side_tall",
          "uvlock": true,
          "y": 90
        },
        "when": {
          "east": "tall"
        }
      },
      {
        "apply": {
          "model": "minecraft:block/mud/mud_brick_wall_side_tall",
          "uvlock": true,
          "y": 180
        },
        "when": {
          "south": "tall"
        }
      },
      {
        "apply": {
          "model": "minecraft:block/mud/mud_brick_wall_side_tall",
          "uvlock": true,
          "y": 270
        },
        "when": {
          "west": "tall"
        }
      }
    ]
  }