{
    "multipart": [
      {
        "apply": {
          "model": "minecraft:block/nether_bricks/nether_brick_fence_post"
        }
      },
      {
        "apply": {
          "model": "minecraft:block/nether_bricks/nether_brick_fence_side"
          
        },
        "when": {
          "north": "true"
        }
      },
      {
        "apply": {
          "model": "minecraft:block/nether_bricks/nether_brick_fence_side",
          
          "y": 90
        },
        "when": {
          "east": "true"
        }
      },
      {
        "apply": {
          "model": "minecraft:block/nether_bricks/nether_brick_fence_side",
          
          "y": 180
        },
        "when": {
          "south": "true"
        }
      },
      {
        "apply": {
          "model": "minecraft:block/nether_bricks/nether_brick_fence_side",
          
          "y": 270
        },
        "when": {
          "west": "true"
        }
      }
    ]
  }