{
    "variants": {
      "type=bottom": [
        {"model":"minecraft:block/blackstone/blackstone_brick_slab_0"},
        {"model":"minecraft:block/blackstone/blackstone_brick_slab_1"},
        {"model":"minecraft:block/blackstone/blackstone_brick_slab_2"},
        {"model":"minecraft:block/blackstone/blackstone_brick_slab_3"}
      ],
      "type=double": {
        "model": "minecraft:block/blackstone/blackstone_brick_slab_double"
      },
      "type=top": [
        {"model": "minecraft:block/blackstone/blackstone_brick_slab_top_0"},
        {"model": "minecraft:block/blackstone/blackstone_brick_slab_top_1"},
        {"model": "minecraft:block/blackstone/blackstone_brick_slab_top_2"},
        {"model": "minecraft:block/blackstone/blackstone_brick_slab_top_3"}
      ]
    }
  }