{
    "variants": {
      "type=bottom": [
        {"model":"minecraft:block/prismarine/prismarine_brick_slab_0"},
        {"model":"minecraft:block/prismarine/prismarine_brick_slab_1"},
        {"model":"minecraft:block/prismarine/prismarine_brick_slab_2"},
        {"model":"minecraft:block/prismarine/prismarine_brick_slab_3"}
      ],
      "type=double":
        {"model": "minecraft:block/prismarine/prismarine_brick_slab_double"},
      "type=top": [
        {"model": "minecraft:block/prismarine/prismarine_brick_slab_top_0"},
        {"model": "minecraft:block/prismarine/prismarine_brick_slab_top_1"},
        {"model": "minecraft:block/prismarine/prismarine_brick_slab_top_2"},
        {"model": "minecraft:block/prismarine/prismarine_brick_slab_top_3"}
      ]
    }
  }