{
    "variants": {
      "type=bottom": [
        {"model": "minecraft:block/stone/smooth_stone_slab_0"},
        {"model": "minecraft:block/stone/smooth_stone_slab_1"},
        {"model": "minecraft:block/stone/smooth_stone_slab_2"},
        {"model": "minecraft:block/stone/smooth_stone_slab_3"}
      ],
      "type=double": [
        {"model": "minecraft:block/stone/smooth_stone_slab_double_0"},
        {"model": "minecraft:block/stone/smooth_stone_slab_double_1"},
        {"model": "minecraft:block/stone/smooth_stone_slab_double_2"},
        {"model": "minecraft:block/stone/smooth_stone_slab_double_3"}
      ],
      "type=top"   : [
        {"model": "minecraft:block/stone/smooth_stone_slab_top_0"},
        {"model": "minecraft:block/stone/smooth_stone_slab_top_1"},
        {"model": "minecraft:block/stone/smooth_stone_slab_top_2"},
        {"model": "minecraft:block/stone/smooth_stone_slab_top_3"}
      ]
    }
  }