{
    "variants":{
        "":[
            {"model":"minecraft:block/stone/smooth_stone_0"},
            {"model":"minecraft:block/stone/smooth_stone_0","y":90},
            {"model":"minecraft:block/stone/smooth_stone_0","y":180},
            {"model":"minecraft:block/stone/smooth_stone_0","y":270},
            {"model":"minecraft:block/stone/smooth_stone_1"},
            {"model":"minecraft:block/stone/smooth_stone_1","y":90},
            {"model":"minecraft:block/stone/smooth_stone_1","y":180},
            {"model":"minecraft:block/stone/smooth_stone_1","y":270},
            {"model":"minecraft:block/stone/smooth_stone_2"},
            {"model":"minecraft:block/stone/smooth_stone_2","y":90},
            {"model":"minecraft:block/stone/smooth_stone_2","y":180},
            {"model":"minecraft:block/stone/smooth_stone_2","y":270},
            {"model":"minecraft:block/stone/smooth_stone_3"},
            {"model":"minecraft:block/stone/smooth_stone_3","y":90},
            {"model":"minecraft:block/stone/smooth_stone_3","y":180},
            {"model":"minecraft:block/stone/smooth_stone_3","y":270}
        ]
    }
}