{
    "variants":{
        "facing=north,half=bottom,shape=straight":{
            "model":"minecraft:block/warped/warped_stairs_bst_ns",
            "y":270,"uvlock":true
        },
        "facing=east,half=bottom,shape=straight":{
            "model":"minecraft:block/warped/warped_stairs_bst_ew",
            "y":0,"uvlock":true
        },
        "facing=south,half=bottom,shape=straight":{
            "model":"minecraft:block/warped/warped_stairs_bst_ns",
            "y":90,"uvlock":true
        },
        "facing=west,half=bottom,shape=straight":{
            "model":"minecraft:block/warped/warped_stairs_bst_ew",
            "y":180,"uvlock":true
        },

        "facing=north,half=bottom,shape=inner_right":{
            "model":"minecraft:block/warped/warped_stairs_bir_ne",
            "y":0,"uvlock":true
        },
        "facing=east,half=bottom,shape=inner_right":{
            "model":"minecraft:block/warped/warped_stairs_bir_wn",
            "y":180,"uvlock":true
        },
        "facing=south,half=bottom,shape=inner_right":{
            "model":"minecraft:block/warped/warped_stairs_bir_ne",
            "y":180,"uvlock":true
        },
        "facing=west,half=bottom,shape=inner_right":{
            "model":"minecraft:block/warped/warped_stairs_bir_wn",
            "y":0,"uvlock":true
        },

        "facing=north,half=bottom,shape=inner_left":{
            "model":"minecraft:block/warped/warped_stairs_bil_nw",
            "y":0,"uvlock":true
        },
        "facing=west,half=bottom,shape=inner_left":{
            "model":"minecraft:block/warped/warped_stairs_bil_en",
            "y":180,"uvlock":true
        },
        "facing=south,half=bottom,shape=inner_left":{
            "model":"minecraft:block/warped/warped_stairs_bil_nw",
            "y":180,"uvlock":true
        },
        "facing=east,half=bottom,shape=inner_left":{
            "model":"minecraft:block/warped/warped_stairs_bil_en",
            "y":0,"uvlock":true
        },

        "facing=north,half=bottom,shape=outer_right":{
            "model":"minecraft:block/warped/warped_stairs_bor_ne",
            "y":0,"uvlock":true
        },
        "facing=east,half=bottom,shape=outer_right":{
            "model":"minecraft:block/warped/warped_stairs_bor_wn",
            "y":180,"uvlock":true
        },
        "facing=south,half=bottom,shape=outer_right":{
            "model":"minecraft:block/warped/warped_stairs_bor_ne",
            "y":180,"uvlock":true
        },
        "facing=west,half=bottom,shape=outer_right":{
            "model":"minecraft:block/warped/warped_stairs_bor_wn",
            "y":0,"uvlock":true
        },

        "facing=north,half=bottom,shape=outer_left":{
            "model":"minecraft:block/warped/warped_stairs_bol_nw",
            "y":0,"uvlock":true
        },
        "facing=west,half=bottom,shape=outer_left":{
            "model":"minecraft:block/warped/warped_stairs_bol_en",
            "y":180,"uvlock":true
        },
        "facing=south,half=bottom,shape=outer_left":{
            "model":"minecraft:block/warped/warped_stairs_bol_nw",
            "y":180,"uvlock":true
        },
        "facing=east,half=bottom,shape=outer_left":{
            "model":"minecraft:block/warped/warped_stairs_bol_en",
            "y":0,"uvlock":true
        },


        "facing=north,half=top,shape=straight":{
            "model":"minecraft:block/warped/warped_stairs_bst_ns",
            "x":180,"y":270,"uvlock":true
        },
        "facing=east,half=top,shape=straight":{
            "model":"minecraft:block/warped/warped_stairs_bst_ew",
            "x":180,"y":0,"uvlock":true
        },
        "facing=south,half=top,shape=straight":{
            "model":"minecraft:block/warped/warped_stairs_bst_ns",
            "x":180,"y":90,"uvlock":true
        },
        "facing=west,half=top,shape=straight":{
            "model":"minecraft:block/warped/warped_stairs_bst_ew",
            "x":180,"y":180,"uvlock":true
        },

        "facing=north,half=top,shape=inner_right":{
            "model":"minecraft:block/warped/warped_stairs_bil_nw",
            "x":180,"y":180,"uvlock":true
        },
        "facing=east,half=top,shape=inner_right":{
            "model":"minecraft:block/warped/warped_stairs_bil_en",
            "x":180,"y":0,"uvlock":true
        },
        "facing=south,half=top,shape=inner_right":{
            "model":"minecraft:block/warped/warped_stairs_bil_nw",
            "x":180,"y":0,"uvlock":true
        },
        "facing=west,half=top,shape=inner_right":{
            "model":"minecraft:block/warped/warped_stairs_bil_en",
            "x":180,"y":180,"uvlock":true
        },

        "facing=north,half=top,shape=inner_left":{
            "model":"minecraft:block/warped/warped_stairs_bir_ne",
            "x":180,"y":180,"uvlock":true
        },
        "facing=west,half=top,shape=inner_left":{
            "model":"minecraft:block/warped/warped_stairs_bir_wn",
            "x":180,"y":0,"uvlock":true
        },
        "facing=south,half=top,shape=inner_left":{
            "model":"minecraft:block/warped/warped_stairs_bir_ne",
            "x":180,"y":0,"uvlock":true
        },
        "facing=east,half=top,shape=inner_left":{
            "model":"minecraft:block/warped/warped_stairs_bir_wn",
            "x":180,"y":180,"uvlock":true
        },

        "facing=north,half=top,shape=outer_right":{
            "model":"minecraft:block/warped/warped_stairs_bol_nw",
            "x":180,"y":180,"uvlock":true
        },
        "facing=east,half=top,shape=outer_right":{
            "model":"minecraft:block/warped/warped_stairs_bol_en",
            "x":180,"y":0,"uvlock":true
        },
        "facing=south,half=top,shape=outer_right":{
            "model":"minecraft:block/warped/warped_stairs_bol_nw",
            "x":180,"y":0,"uvlock":true
        },
        "facing=west,half=top,shape=outer_right":{
            "model":"minecraft:block/warped/warped_stairs_bol_en",
            "x":180,"y":180,"uvlock":true
        },

        "facing=north,half=top,shape=outer_left":{
            "model":"minecraft:block/warped/warped_stairs_bor_ne",
            "x":180,"y":180,"uvlock":true
        },
        "facing=west,half=top,shape=outer_left":{
            "model":"minecraft:block/warped/warped_stairs_bor_wn",
            "x":180,"y":0,"uvlock":true
        },
        "facing=south,half=top,shape=outer_left":{
            "model":"minecraft:block/warped/warped_stairs_bor_ne",
            "x":180,"y":0,"uvlock":true
        },
        "facing=east,half=top,shape=outer_left":{
            "model":"minecraft:block/warped/warped_stairs_bor_wn",
            "x":180,"y":180,"uvlock":true
        }
    }
}